{"6.0": [[12555054.0, 0.9166727066040039, "flops6.0_d384_l7_h6_tokens79649199_params12555054"], [4038062.0, 0.9493613839149475, "flops6.0_d256_l5_h4_tokens247643547_params4038062"], [639534.0, 1.0526894330978394, "flops6.0_d128_l3_h2_tokens1563638524_params639534"], [10780590.0, 0.930182158946991, "flops6.0_d384_l6_h6_tokens92759301_params10780590"], [25397422.0, 0.9447713494300842, "flops6.0_d512_l8_h8_tokens39374075_params25397422"], [14329518.0, 0.9124354124069214, "flops6.0_d384_l8_h6_tokens69786017_params14329518"], [3248302.0, 0.9718329310417175, "flops6.0_d256_l4_h4_tokens307853149_params3248302"], [4827822.0, 0.9239794611930847, "flops6.0_d256_l6_h4_tokens207132740_params4827822"], [837806.0, 1.012202262878418, "flops6.0_d128_l4_h2_tokens1193593743_params837806"]], "0.3": [[837806.0, 1.505192518234253, "flops0.3_d128_l4_h2_tokens59679687_params837806"], [72430.0, 1.588657021522522, "flops0.3_d64_l1_h2_tokens690321689_params72430"], [639534.0, 1.5842905044555664, "flops0.3_d128_l3_h2_tokens78181926_params639534"], [45150.0, 1.648820161819458, "flops0.3_d48_l1_h1_tokens1107419712_params45150"], [172398.0, 1.5562111139297485, "flops0.3_d64_l3_h2_tokens290026566_params172398"], [122414.0, 1.6300547122955322, "flops0.3_d64_l2_h2_tokens408450013_params122414"], [441262.0, 1.819654107093811, "flops0.3_d128_l2_h2_tokens113311366_params441262"]], "0.6": [[172398.0, 1.437671422958374, "flops0.6_d64_l3_h2_tokens580053132_params172398"], [122414.0, 1.4285095930099487, "flops0.6_d64_l2_h2_tokens816900027_params122414"], [4827822.0, 1.4059921503067017, "flops0.6_d256_l6_h4_tokens20713274_params4827822"], [441262.0, 1.5690473318099976, "flops0.6_d128_l2_h2_tokens226622732_params441262"], [837806.0, 1.3472716808319092, "flops0.6_d128_l4_h2_tokens119359374_params837806"], [4038062.0, 1.403426170349121, "flops0.6_d256_l5_h4_tokens24764354_params4038062"], [639534.0, 1.436884880065918, "flops0.6_d128_l3_h2_tokens156363852_params639534"], [3248302.0, 1.407457709312439, "flops0.6_d256_l4_h4_tokens30785314_params3248302"], [72430.0, 1.502821445465088, "flops0.6_d64_l1_h2_tokens1380643379_params72430"]], "3.0": [[4038062.0, 1.0488553047180176, "flops3.0_d256_l5_h4_tokens123821773_params4038062"], [441262.0, 1.2794642448425293, "flops3.0_d128_l2_h2_tokens1133113660_params441262"], [639534.0, 1.1528185606002808, "flops3.0_d128_l3_h2_tokens781819262_params639534"], [14329518.0, 1.049763798713684, "flops3.0_d384_l8_h6_tokens34893008_params14329518"], [837806.0, 1.075530767440796, "flops3.0_d128_l4_h2_tokens596796871_params837806"], [4827822.0, 1.0162677764892578, "flops3.0_d256_l6_h4_tokens103566370_params4827822"], [25397422.0, 1.071195125579834, "flops3.0_d512_l8_h8_tokens19687037_params25397422"], [12555054.0, 1.0447038412094116, "flops3.0_d384_l7_h6_tokens39824599_params12555054"], [3248302.0, 1.072861671447754, "flops3.0_d256_l4_h4_tokens153926574_params3248302"], [10780590.0, 1.0473968982696533, "flops3.0_d384_l6_h6_tokens46379650_params10780590"]], "1.0": [[172398.0, 1.3256666660308838, "flops1.0_d64_l3_h2_tokens966755221_params172398"], [639534.0, 1.3446390628814697, "flops1.0_d128_l3_h2_tokens260606420_params639534"], [4038062.0, 1.2721132040023804, "flops1.0_d256_l5_h4_tokens41273924_params4038062"], [3248302.0, 1.2818424701690674, "flops1.0_d256_l4_h4_tokens51308858_params3248302"], [4827822.0, 1.2540911436080933, "flops1.0_d256_l6_h4_tokens34522123_params4827822"], [441262.0, 1.4474810361862183, "flops1.0_d128_l2_h2_tokens377704553_params441262"], [122414.0, 1.3683055639266968, "flops1.0_d64_l2_h2_tokens1361500046_params122414"], [837806.0, 1.2452787160873413, "flops1.0_d128_l4_h2_tokens198932290_params837806"]], "0.1": [[72430.0, 2.142596960067749, "flops0.1_d64_l1_h2_tokens230107229_params72430"], [172398.0, 1.8048288822174072, "flops0.1_d64_l3_h2_tokens96675522_params172398"], [639534.0, 2.0004160404205322, "flops0.1_d128_l3_h2_tokens26060642_params639534"], [122414.0, 1.9498136043548584, "flops0.1_d64_l2_h2_tokens136150004_params122414"], [837806.0, 1.946905493736267, "flops0.1_d128_l4_h2_tokens19893229_params837806"], [441262.0, 2.121678352355957, "flops0.1_d128_l2_h2_tokens37770455_params441262"], [45150.0, 1.9595324993133545, "flops0.1_d48_l1_h1_tokens369139904_params45150"]], "10.0": [[3248302.0, 0.951295793056488, "flops10.0_d256_l4_h4_tokens513088581_params3248302"], [4038062.0, 0.9994724988937378, "flops10.0_d256_l5_h4_tokens412739246_params4038062"]]}