{"6.0": [[36099822, 0.9746404157733453, "flops6.0_d576_l9_h9_tokens27700967_params36099822"], [17055982, 0.9198836297169186, "flops6.0_d448_l7_h7_tokens58630455_params17055982"], [10780590, 0.9376354500650165, "flops6.0_d384_l6_h6_tokens92759301_params10780590"], [3248302, 0.9808981339614918, "flops6.0_d256_l4_h4_tokens307853149_params3248302"], [25397422, 0.92782465251346, "flops6.0_d512_l8_h8_tokens39374075_params25397422"], [6276334, 0.946310283977749, "flops6.0_d320_l5_h5_tokens159328678_params6276334"], [49458094, 1.1793930101085799, "flops6.0_d640_l10_h10_tokens20219137_params49458094"]], "1.0": [[3248302, 1.2907908984292413, "flops1.0_d256_l4_h4_tokens51308858_params3248302"], [25397422, 1.5509683517135402, "flops1.0_d512_l8_h8_tokens6562345_params25397422"], [6276334, 1.2993454509511506, "flops1.0_d320_l5_h5_tokens26554779_params6276334"], [17055982, 1.4205261277613352, "flops1.0_d448_l7_h7_tokens9771742_params17055982"], [10780590, 1.3376783493839168, "flops1.0_d384_l6_h6_tokens15459883_params10780590"]], "10.0": [[49458094, 1.061842878846995, "flops10.0_d640_l10_h10_tokens33698562_params49458094"], [25397422, 0.856720683385598, "flops10.0_d512_l8_h8_tokens65623458_params25397422"], [6276334, 0.8918593096444162, "flops10.0_d320_l5_h5_tokens265547796_params6276334"], [10780590, 0.869187905608422, "flops10.0_d384_l6_h6_tokens154598836_params10780590"], [36099822, 0.8766935797065002, "flops10.0_d576_l9_h9_tokens46168279_params36099822"], [3248302, 0.9203475857566108, "flops10.0_d256_l4_h4_tokens513088581_params3248302"], [17055982, 0.8504532670562254, "flops10.0_d448_l7_h7_tokens97717426_params17055982"]], "3.0": [[10780590, 1.0462055128756347, "flops3.0_d384_l6_h6_tokens46379650_params10780590"], [3248302, 1.0777158903589514, "flops3.0_d256_l4_h4_tokens153926574_params3248302"], [36099822, 1.1973332383836117, "flops3.0_d576_l9_h9_tokens13850483_params36099822"], [6276334, 1.0484383959631418, "flops3.0_d320_l5_h5_tokens79664339_params6276334"], [17055982, 1.0704607446547656, "flops3.0_d448_l7_h7_tokens29315227_params17055982"], [25397422, 1.1051485649951618, "flops3.0_d512_l8_h8_tokens19687037_params25397422"]], "60.0": [[10780590, 0.7525793120768384, "flops60.0_d384_l6_h6_tokens927593016_params10780590"], [6276334, 0.7548020244452278, "flops60.0_d320_l5_h5_tokens1593286781_params6276334"]], "30.0": [[3248302, 0.8153280776344619, "flops30.0_d256_l4_h4_tokens1539265745_params3248302"], [36099822, 0.7586788811181596, "flops30.0_d576_l9_h9_tokens138504838_params36099822"], [6276334, 0.7859462743054955, "flops30.0_d320_l5_h5_tokens796643390_params6276334"], [10780590, 0.7641015487277321, "flops30.0_d384_l6_h6_tokens463796508_params10780590"], [17055982, 0.7503312971300524, "flops30.0_d448_l7_h7_tokens293152279_params17055982"], [25397422, 0.7515874711467765, "flops30.0_d512_l8_h8_tokens196870375_params25397422"], [49458094, 0.7651447174209628, "flops30.0_d640_l10_h10_tokens101095687_params49458094"]]}